{"cameraMode":{"drawMode":0,"name":"Shaded","section":"Shading Mode"},"sceneLighting":true,"audioPlay":false,"sceneViewState":{"m_AlwaysRefresh":false,"showFog":true,"showSkybox":true,"showFlares":true,"showImageEffects":true,"showParticleSystems":true,"showVisualEffectGraphs":true,"m_FxEnabled":true},"in2DMode":false,"pivot":{"x":-7.6629228591918949,"y":-29.58165740966797,"z":107.32637023925781},"rotation":{"x":0.03946724534034729,"y":0.18683549761772157,"z":0.007529064547270536,"w":-0.9815816879272461},"size":26.114566802978517,"orthographic":false}